ID,TrackID,TrackName,BandcampURL,Time,LocationID,Text,BAN_Address_URL,lat,lon,StreetView_URL,W3W,City,Postcode,Street_Address,Usual_Name,Place_Category,Confiance,Website,,
1,01,Piqueboufigue,https://astaffortmods.bandcamp.com/track/piqueboufigue,00:38,1,Le mec est déjà devant toi quand tu te traines à la boulangerie,https://adresse.data.gouv.fr/base-adresse-nationale/47015_0060_00002#18.71/44.06425/0.6512,44.064279,0.651195,"https://www.google.fr/maps/@44.0643538,0.6510526,3a,75y,96.06h,83.99t/data=!3m8!1e1!3m6!1smxWPOO2EekIO8FSO3tUM_A!2e0!5s20160701T000000!6shttps:%2F%2Fstreetviewpixels-pa.googleapis.com%2Fv1%2Fthumbnail%3Fcb_client%3Dmaps_sv.tactile%26w%3D900%26h%3D600%26pitch%3D6.013280752824997%26panoid%3DmxWPOO2EekIO8FSO3tUM_A%26yaw%3D96.05836821672942!7i13312!8i6656?coh=205410&entry=ttu&g_ep=EgoyMDI0MDkyOS4wIKXMDSoASAFQAw%3D%3D",viser.envoyer.torpeur,Astaffort,47220,2 Rue Felix Cassagneau,Au fournil de l'abbé,Commerce,Moyen,https://le-fournil-de-l-abbe-astaffort.eatbu.com,,
2,01,Piqueboufigue,https://astaffortmods.bandcamp.com/track/piqueboufigue,00:38,1,Le mec est déjà devant toi quand tu te traines à la boulangerie,https://adresse.data.gouv.fr/base-adresse-nationale/47015_0085_00007#18.59/44.06395/0.65165,44.06394,0.65164,"https://www.google.fr/maps/@44.0639527,0.651648,3a,90y,275.78h,88.44t/data=!3m8!1e1!3m6!1spVS2titf9EpePec7RmfxoA!2e0!5s20160701T000000!6shttps:%2F%2Fstreetviewpixels-pa.googleapis.com%2Fv1%2Fthumbnail%3Fcb_client%3Dmaps_sv.tactile%26w%3D900%26h%3D600%26pitch%3D1.5578158458244218%26panoid%3DpVS2titf9EpePec7RmfxoA%26yaw%3D275.7847422912206!7i13312!8i6656?coh=205410&entry=ttu&g_ep=EgoyMDI0MDkyOS4wIKXMDSoASAFQAw%3D%3D",macérer.trappe.égalisons,Astaffort,47220,7 Rue Jacquillon,Au fournil gourmand,Commerce,Moyen,n/a,,
3,01,Piqueboufigue,https://astaffortmods.bandcamp.com/track/piqueboufigue,02:40,2,"Pour ce conneau, révision de l'alphabet en commençant par la lettre H : Hôpital, deuxième à droite après le pont mais j'ai pas le temps de t'y déposer, d'ailleurs je suis à pieds ce serait trop galère.",https://adresse.data.gouv.fr/base-adresse-nationale/47195_0020_00080#18.59/44.13595/0.3366,44.135947,0.336615,"https://www.google.fr/maps/@44.1363324,0.3365158,3a,90y,94.3h,89.89t/data=!3m7!1e1!3m5!1sTXZwxD9oRAeNLElcX7mbvg!2e0!6shttps:%2F%2Fstreetviewpixels-pa.googleapis.com%2Fv1%2Fthumbnail%3Fcb_client%3Dmaps_sv.tactile%26w%3D900%26h%3D600%26pitch%3D0.11310523954986706%26panoid%3DTXZwxD9oRAeNLElcX7mbvg%26yaw%3D94.29859131040399!7i13312!8i6656?coh=205410&entry=ttu&g_ep=EgoyMDI0MDkyOS4wIKXMDSoASAFQAw%3D%3D",perte.aider.évitement,Nérac,47600,80  Allée d'Albret,Centre Hospitalier Agen-Nérac,Service Public,Haut,http://www.ch-agen-nerac.fr/,,
4,01,Piqueboufigue,https://astaffortmods.bandcamp.com/track/piqueboufigue,03:27,3,"Même au Musée, devant toi, c'est le même connard.",n/a,n/a,,n/a,n/a,n/a,n/a,n/a,Musée,Etablissement culturel,n/a,,,
5,02,Le Shift,https://astaffortmods.bandcamp.com/track/le-shift,00:12,4,Putain mais j’en ai marre de me faire chier assis sur ce muret à regarder les camions de tomates qui vont à Marmande,https://adresse.data.gouv.fr/base-adresse-nationale/47157_0480_00001#18.58/44.49915/0.16585,44.499179,0.165864,"https://www.google.fr/maps/@44.4992593,0.165849,3a,75y,71.86h,83.86t/data=!3m7!1e1!3m5!1sqGdI0qUL7CF1Kt8jDkapXQ!2e0!6shttps:%2F%2Fstreetviewpixels-pa.googleapis.com%2Fv1%2Fthumbnail%3Fcb_client%3Dmaps_sv.tactile%26w%3D900%26h%3D600%26pitch%3D6.136377514331912%26panoid%3DqGdI0qUL7CF1Kt8jDkapXQ%26yaw%3D71.86094226454739!7i16384!8i8192?coh=205410&entry=ttu&g_ep=EgoyMDI0MDkzMC4wIKXMDSoASAFQAw%3D%3D",doublette.ramener.listant,Marmande,47200,1 Place Georges Clémenceau,Marmande,Ville / département,Haut,http://www.mairie-marmande.fr/,,
6,02,Le Shift,https://astaffortmods.bandcamp.com/track/le-shift,00:17,5,Depuis le temps que je glande avec ces connards de potes qui dans la vie ne veulent pas aller plus loin que Agen,https://adresse.data.gouv.fr/base-adresse-nationale/47001_1041_00009#18.58/44.20295/0.61625,44.2030696,0.6156959,"https://www.google.fr/maps/@44.2030696,0.6156959,3a,82.1y,94.47h,89.21t/data=!3m8!1e1!3m6!1sClScYvVUYfM7Mj1OCpJctA!2e0!5s20181101T000000!6shttps:%2F%2Fstreetviewpixels-pa.googleapis.com%2Fv1%2Fthumbnail%3Fcb_client%3Dmaps_sv.tactile%26w%3D900%26h%3D600%26pitch%3D0.787726665733615%26panoid%3DClScYvVUYfM7Mj1OCpJctA%26yaw%3D94.46842096820471!7i13312!8i6656?coh=205410&entry=ttu&g_ep=EgoyMDI0MDkzMC4wIKXMDSoASAFQAw%3D%3D",colorier.triant.dépiler,Agen,47000,Place Docteur Pierre Esquirol,Agen,Ville / département,Haut,https://www.agen.fr/,,
7,02,Le Shift,https://astaffortmods.bandcamp.com/track/le-shift,00:28,6,"Et je veux pas aller non plus jusqu’à Bordeaux. Je me perds tout le temps là bas, j’trouve même pas le métro",https://adresse.data.gouv.fr/base-adresse-nationale/33063_7215#18.33/44.837617/-0.576279,44.838029,-0.5786748,"https://www.google.fr/maps/@44.838029,-0.5786748,3a,75y,257.2h,92.6t/data=!3m7!1e1!3m5!1smccUknG0hCGr-kUTONisKg!2e0!6shttps:%2F%2Fstreetviewpixels-pa.googleapis.com%2Fv1%2Fthumbnail%3Fcb_client%3Dmaps_sv.tactile%26w%3D900%26h%3D600%26pitch%3D-2.597352599561873%26panoid%3DmccUknG0hCGr-kUTONisKg%26yaw%3D257.20134443991105!7i13312!8i6656?coh=205410&entry=ttu&g_ep=EgoyMDI0MDkzMC4wIKXMDSoASAFQAw%3D%3D",remontons.préférer.cadencer,Bordeaux,33000,Place Pey Berland,Bordeaux,Ville / département,Haut,https://www.bordeaux.fr/,,
8,02,Le Shift,https://astaffortmods.bandcamp.com/track/le-shift,00:43,7,Je vais direct au Decathlon de Agen,https://adresse.data.gouv.fr/base-adresse-nationale/47031_0278_00232#18.59/44.17585/0.63895,44.175842,0.638928,"https://www.google.fr/maps/@44.175389,0.6386179,3a,75y,82.02h,97.21t/data=!3m7!1e1!3m5!1sX3aQ31BMT58AcChd2eZeoA!2e0!6shttps:%2F%2Fstreetviewpixels-pa.googleapis.com%2Fv1%2Fthumbnail%3Fcb_client%3Dmaps_sv.tactile%26w%3D900%26h%3D600%26pitch%3D-7.208776802930089%26panoid%3DX3aQ31BMT58AcChd2eZeoA%26yaw%3D82.0244464520652!7i13312!8i6656?coh=205410&entry=ttu&g_ep=EgoyMDI0MDkyOS4wIKXMDSoASAFQAw%3D%3D",triant.accouru.promenons,Boé,47550,232 Rue de Gardes,Décathlon Agen,Commerce,Haut,https://www.decathlon.fr/store-view/magasin-de-sports-agen-boe-0070023800238,,
9,02,Le Shift,https://astaffortmods.bandcamp.com/track/le-shift,01:14,8,J'ai un shift à Montech,https://adresse.data.gouv.fr/base-adresse-nationale/82125_0165_00001#19/43.957071/1.2284955,43.957029,1.228514,"https://www.google.fr/maps/@43.9569727,1.2286276,3a,75y,317h,87.18t/data=!3m8!1e1!3m6!1sqwhavqZdHf779hPC_eS1Kw!2e0!5s20181001T000000!6shttps:%2F%2Fstreetviewpixels-pa.googleapis.com%2Fv1%2Fthumbnail%3Fcb_client%3Dmaps_sv.tactile%26w%3D900%26h%3D600%26pitch%3D2.8177914343475834%26panoid%3DqwhavqZdHf779hPC_eS1Kw%26yaw%3D316.9964443949966!7i16384!8i8192?coh=205410&entry=ttu&g_ep=EgoyMDI0MDkzMC4wIKXMDSoASAFQAw%3D%3D",rachetant.mondial.soute,Montech,82700,1 Place de la Mairie,Montech,Ville / département,Haut,https://www.ville-montech.fr/,,
10,02,Le Shift,https://astaffortmods.bandcamp.com/track/le-shift,01:19,9,Je me repère avec Golfech,https://adresse.data.gouv.fr/base-adresse-nationale/82072_zeln5f_00002#16.01/44.107845/0.856076,44.107427,0.855917,"https://www.google.fr/maps/@44.1085265,0.8573052,3a,90y,267.71h,99.37t/data=!3m7!1e1!3m5!1sxGrZGnto3kMJSloy6HuN9w!2e0!6shttps:%2F%2Fstreetviewpixels-pa.googleapis.com%2Fv1%2Fthumbnail%3Fcb_client%3Dmaps_sv.tactile%26w%3D900%26h%3D600%26pitch%3D-9.369092048775315%26panoid%3DxGrZGnto3kMJSloy6HuN9w%26yaw%3D267.705091694533!7i13312!8i6656?coh=205410&entry=ttu&g_ep=EgoyMDI0MDkzMC4wIKXMDSoASAFQAw%3D%3D",huilage.ressortir.tirette,Golfech,82400,2  Lieu dit Capblongt,Golfech,Industrie,Haut,https://www.edf.fr/centrale-nucleaire-golfech,,
11,02,Le Shift,https://astaffortmods.bandcamp.com/track/le-shift,01:55,10,"Arrivé à Layrac, je prends le virage",https://adresse.data.gouv.fr/base-adresse-nationale/47145_0210_00001#18.59/44.13135/0.6604,44.131356,0.660397,"https://www.google.fr/maps/@44.1313608,0.6602343,3a,75y,48.35h,77.81t/data=!3m8!1e1!3m6!1sOn9f7hkFjM2iBKNgj_xk4Q!2e0!5s20160701T000000!6shttps:%2F%2Fstreetviewpixels-pa.googleapis.com%2Fv1%2Fthumbnail%3Fcb_client%3Dmaps_sv.tactile%26w%3D900%26h%3D600%26pitch%3D12.18620211590978%26panoid%3DOn9f7hkFjM2iBKNgj_xk4Q%26yaw%3D48.352235204324344!7i13312!8i6656?coh=205410&entry=ttu&g_ep=EgoyMDI0MDkzMC4wIKXMDSoASAFQAw%3D%3D",violon.gastronome.rajoutons,Layrac,47390,1  Avenue des PYRÉNÉES,Virage de Layrac,Route / voie navigable,Moyen,,,
12,02,Le Shift,https://astaffortmods.bandcamp.com/track/le-shift,01:55,10,"Arrivé à Layrac, je prends le virage",https://adresse.data.gouv.fr/base-adresse-nationale/47145_0152_00011#18.59/44.13195/0.66115,44.131924,0.66114,"https://www.google.fr/maps/@44.1318473,0.6610916,3a,75y,346.06h,80.24t/data=!3m7!1e1!3m5!1sHc3ivXbqgJ3IZy5tu0kTkw!2e0!6shttps:%2F%2Fstreetviewpixels-pa.googleapis.com%2Fv1%2Fthumbnail%3Fcb_client%3Dmaps_sv.tactile%26w%3D900%26h%3D600%26pitch%3D9.76023243103478%26panoid%3DHc3ivXbqgJ3IZy5tu0kTkw%26yaw%3D346.0614847772608!7i16384!8i8192?coh=205410&entry=ttu&g_ep=EgoyMDI0MDkzMC4wIKXMDSoASAFQAw%3D%3D",louons.pharmacien.marchons,Layrac,47390,11 Chemin de Monseigne,Virage de Layrac,Route / voie navigable,Moyen,,,
13,02,Le Shift,https://astaffortmods.bandcamp.com/track/le-shift,02:32,11,J'ai déjà passé le pont de l’A62,https://adresse.data.gouv.fr/base-adresse-nationale/47145_3aiqs2_00477#15.67/44.141739/0.662299,44.1424505,0.6611307,"https://www.google.fr/maps/@44.1422694,0.6612244,3a,82.2y,9.25h,79.93t/data=!3m8!1e1!3m6!1sFr7BXtknec1T0nWtybsVng!2e0!5s20181101T000000!6shttps:%2F%2Fstreetviewpixels-pa.googleapis.com%2Fv1%2Fthumbnail%3Fcb_client%3Dmaps_sv.tactile%26w%3D900%26h%3D600%26pitch%3D10.068613154202083%26panoid%3DFr7BXtknec1T0nWtybsVng%26yaw%3D9.249810854799534!7i13312!8i6656?coh=205410&entry=ttu&g_ep=EgoyMDI0MDkzMC4wIKXMDSoASAFQAw%3D%3D",guimauve.laurier.butin,Layrac,47390,477 route de Boé,Pont de l'A 62,Route / voie navigable,Haut,,,
14,02,Le Shift,https://astaffortmods.bandcamp.com/track/le-shift,02:40,12,J’ai déjà passé une fois la Garonne,https://adresse.data.gouv.fr/base-adresse-nationale/47145_5cijsn_00429#18.59/44.15015/0.6581,44.150104,0.658098,"https://www.google.fr/maps/@44.1503965,0.6578978,3a,75y,274.62h,66.91t/data=!3m7!1e1!3m5!1s72ThTKn1tsZPftDLmeiPcw!2e0!6shttps:%2F%2Fstreetviewpixels-pa.googleapis.com%2Fv1%2Fthumbnail%3Fcb_client%3Dmaps_sv.tactile%26w%3D900%26h%3D600%26pitch%3D23.08942584419539%26panoid%3D72ThTKn1tsZPftDLmeiPcw%26yaw%3D274.6220428076208!7i16384!8i8192?coh=205410&entry=ttu&g_ep=EgoyMDI0MDkzMC4wIKXMDSoASAFQAw%3D%3D",hamac.aération.repérons,Layrac,47390,429  Route de GARONNE,Garonne,Rivière,Haut,,,
15,02,Le Shift,https://astaffortmods.bandcamp.com/track/le-shift,02:46,13,"Oh putain ça y est j’aperçois la frontière, de l’autre côté Lamagistère",https://adresse.data.gouv.fr/base-adresse-nationale/82089_0050_00001#18.59/44.12385/0.82485,44.123823,0.824831,"https://www.google.fr/maps/place/Mairie/@44.1237863,0.8249207,3a,75y,313.56h,100.82t/data=!3m7!1e1!3m5!1s9ijyXpCWtklavYwcW3OxKQ!2e0!6shttps:%2F%2Fstreetviewpixels-pa.googleapis.com%2Fv1%2Fthumbnail%3Fcb_client%3Dmaps_sv.tactile%26w%3D900%26h%3D600%26pitch%3D-10.815785418024944%26panoid%3D9ijyXpCWtklavYwcW3OxKQ%26yaw%3D313.5563449048865!7i16384!8i8192!4m6!3m5!1s0x12abb8d22bbb0859:0xaa799f434d1557c!8m2!3d44.1238594!4d0.8248175!16s%2Fg%2F1tsw53gt?coh=205410&entry=ttu&g_ep=EgoyMDI0MDkzMC4wIKXMDSoASAFQAw%3D%3D",culminer.aromatiser.nuageux,Lamagistère,82360,1  Allee Louis Bourgeat,Lamagistère,Ville / département,Haut,https://www.lamagistere.fr/,,
16,02,Le Shift,https://astaffortmods.bandcamp.com/track/le-shift,03:10,14,Encore plus super quand tu sais qu’on arrive dans un village limité à 50 à 20m d’une zone 30.,https://adresse.data.gouv.fr/base-adresse-nationale/47067_0089_00765#18.59/44.14485/0.7884,44.144827,0.788405,"https://www.google.fr/maps/@44.1446181,0.7873483,3a,75y,77.69h,77.5t/data=!3m8!1e1!3m6!1st33mHE5dHY1MbHSwTjnEmw!2e0!5s20221101T000000!6shttps:%2F%2Fstreetviewpixels-pa.googleapis.com%2Fv1%2Fthumbnail%3Fcb_client%3Dmaps_sv.tactile%26w%3D900%26h%3D600%26pitch%3D12.502397066292616%26panoid%3Dt33mHE5dHY1MbHSwTjnEmw%26yaw%3D77.68580870729245!7i16384!8i8192?coh=205410&entry=ttu&g_ep=EgoyMDI0MDkzMC4wIKXMDSoASAFQAw%3D%3D",plate.tremplin.approchons,Clermont-Soubiran,47270,101 Route de Laspeyres,Zone 30,Ville / département,Moyen,https://clermont-soubiran.fr/,,
17,02,Le Shift,https://astaffortmods.bandcamp.com/track/le-shift,03:43,15,"En fait je me repère plus du tout, parce que Golfech c’est derrière depuis au moins Donzac",https://adresse.data.gouv.fr/base-adresse-nationale/82049_0970_00002#18.59/44.11055/0.81925,44.11053,0.819256,"https://www.google.fr/maps/@44.1106274,0.8191611,3a,75y,152.77h,94.01t/data=!3m7!1e1!3m5!1sjo-62LHyq-GcgxT4-hgDnQ!2e0!6shttps:%2F%2Fstreetviewpixels-pa.googleapis.com%2Fv1%2Fthumbnail%3Fcb_client%3Dmaps_sv.tactile%26w%3D900%26h%3D600%26pitch%3D-4.014864656373874%26panoid%3Djo-62LHyq-GcgxT4-hgDnQ%26yaw%3D152.77461414201431!7i16384!8i8192?coh=205410&entry=ttu&g_ep=EgoyMDI0MTAwMS4wIKXMDSoASAFQAw%3D%3D",dotation.éruptif.statique,Donzac,82340,2  Rue Saint Barthelemy,Donzac,Ville / département,Haut,http://donzac.fr/,,
18,02,Le Shift,https://astaffortmods.bandcamp.com/track/le-shift,03:53,16,D’ailleurs bordel j’arrive à Moissac. Il est évident que malgré mon sens aigu de la modernité je me suis trompé de chemin.,https://adresse.data.gouv.fr/base-adresse-nationale/82112_3880_00003#18.59/44.10485/1.08485,44.104807,1.084874,"https://www.google.fr/maps/@44.1047865,1.0847598,3a,75y,95.02h,107.33t/data=!3m7!1e1!3m5!1sFfmeFLF-uRRnaDcuyBmqTQ!2e0!6shttps:%2F%2Fstreetviewpixels-pa.googleapis.com%2Fv1%2Fthumbnail%3Fcb_client%3Dmaps_sv.tactile%26w%3D900%26h%3D600%26pitch%3D-17.327440975487065%26panoid%3DFfmeFLF-uRRnaDcuyBmqTQ%26yaw%3D95.02072102413082!7i16384!8i8192?coh=205410&entry=ttu&g_ep=EgoyMDI0MTAwMS4wIKXMDSoASAFQAw%3D%3D",caporal.colonnade.florissante,Moissac,82200,3 Place Roger Delthil,Moissac,Ville / département,Haut,http://www.moissac.fr/,,
19,02,Le Shift,https://astaffortmods.bandcamp.com/track/le-shift,04:04,17,"Il faut que j’achète une canette de Monster, mais le Proxi il est fermé entre midi et deux.",https://adresse.data.gouv.fr/base-adresse-nationale/82112_1420_00018_bis#18.59/44.10235/1.09845,44.102315,1.098472,"https://www.google.fr/maps/@44.1019384,1.0986279,3a,75y,288.66h,77.74t/data=!3m8!1e1!3m6!1sLgxxdqi2jofETbsjfZZBxw!2e0!5s20101101T000000!6shttps:%2F%2Fstreetviewpixels-pa.googleapis.com%2Fv1%2Fthumbnail%3Fcb_client%3Dmaps_sv.tactile%26w%3D900%26h%3D600%26pitch%3D12.26211961399396%26panoid%3DLgxxdqi2jofETbsjfZZBxw%26yaw%3D288.66023775209123!7i13312!8i6656?coh=205410&entry=ttu&g_ep=EgoyMDI0MDkyOS4wIKXMDSoASAFQAw%3D%3D",carrossier.houleux.plomber,Moissac,82200,18 bis Avenue du Docteur Rouanet,Proxi,Commerce,Haut,https://www.societe.com/societe/sarl-proxi-490570629.html,,
20,02,Le Shift,https://astaffortmods.bandcamp.com/track/le-shift,04:11,18,Je vais aller boire un café au café de la place,https://adresse.data.gouv.fr/base-adresse-nationale/82112_3880_00001#18.59/44.10505/1.08485,44.105032,1.084835,"https://www.google.fr/maps/@44.1050479,1.08479,3a,75y,266.47h,77.96t/data=!3m8!1e1!3m6!1s1y-y7cVmvNcGG4yoc6jDrQ!2e0!5s20181001T000000!6shttps:%2F%2Fstreetviewpixels-pa.googleapis.com%2Fv1%2Fthumbnail%3Fcb_client%3Dmaps_sv.tactile%26w%3D900%26h%3D600%26pitch%3D12.040000000000006%26panoid%3D1y-y7cVmvNcGG4yoc6jDrQ%26yaw%3D266.47!7i16384!8i8192?coh=205410&entry=ttu&g_ep=EgoyMDI0MTAwMi4xIKXMDSoASAFQAw%3D%3D",dépêcher.désabonner.réussite,Moissac,82200,Place Roger Delthil,Cafe de la Place,Commerce,Bas,,,
21,02,Le Shift,https://astaffortmods.bandcamp.com/track/le-shift,04:11,18,Je vais aller boire un café au café de la place,https://adresse.data.gouv.fr/base-adresse-nationale/82112_3780_00001#18.59/44.10335/1.08615,44.103333,1.08613,"https://www.google.fr/maps/@44.1034034,1.0859073,3a,75y,170.17h,75.69t/data=!3m8!1e1!3m6!1sUxthA3gQwZjB_QAt9VYFsA!2e0!5s20230301T000000!6shttps:%2F%2Fstreetviewpixels-pa.googleapis.com%2Fv1%2Fthumbnail%3Fcb_client%3Dmaps_sv.tactile%26w%3D900%26h%3D600%26pitch%3D14.30969946754415%26panoid%3DUxthA3gQwZjB_QAt9VYFsA%26yaw%3D170.174194762717!7i16384!8i8192?coh=205410&entry=ttu&g_ep=EgoyMDI0MTAwMS4wIKXMDSoASAFQAw%3D%3D",digérons.entassement.historique,Moissac,82200,Place des Récollers,Cafe de la Place,Commerce,Bas,,,
22,02,Le Shift,https://astaffortmods.bandcamp.com/track/le-shift,06:10,19,"Et y a encore une rivière Pourquoi y a toujours au moins deux rivières dans un département ? Ça sert à rien les rivières, c’est pas moderne, ça existait déjà du temps de Mitterand. D’ailleurs ça c’est un canal, c’est un peu plus moderne et ça sert à rien non plus.",n/a,44.1102212,0.8692906,"https://www.google.fr/maps/@44.0976029,0.9275252,3a,75y,298.04h,84.71t/data=!3m7!1e1!3m5!1sFSOKlFbH7cJB0sWkovum4A!2e0!6shttps:%2F%2Fstreetviewpixels-pa.googleapis.com%2Fv1%2Fthumbnail%3Fcb_client%3Dmaps_sv.tactile%26w%3D900%26h%3D600%26pitch%3D5.292177821485538%26panoid%3DFSOKlFbH7cJB0sWkovum4A%26yaw%3D298.042231158289!7i16384!8i8192?coh=205410&entry=ttu&g_ep=EgoyMDI0MTAwMS4wIKXMDSoASAFQAw%3D%3D",audacieuse.centime.coton,Pommevic,82400,D116E1,Canal de Golfech,Route / voie navigable,Moyen,https://www.sandre.eaufrance.fr/geo/CoursEau_Carthage2017/O---0042,,
23,02,Le Shift,https://astaffortmods.bandcamp.com/track/le-shift,06:23,20,D’ailleurs les péniches elles sont toutes à Toulouse et y a déjà des restos dedans,https://adresse.data.gouv.fr/base-adresse-nationale/31555_1676_00001#18.6/43.60385/1.44405,43.603872,1.444053,"https://www.google.fr/maps/@43.6044408,1.4436763,3a,90y,91.27h,112.56t/data=!3m7!1e1!3m5!1s__b0Ko3247qzV6hCM8tD1g!2e0!6shttps:%2F%2Fstreetviewpixels-pa.googleapis.com%2Fv1%2Fthumbnail%3Fcb_client%3Dmaps_sv.tactile%26w%3D900%26h%3D600%26pitch%3D-22.55853669681518%26panoid%3D__b0Ko3247qzV6hCM8tD1g%26yaw%3D91.26915268648041!7i13312!8i6656?coh=205410&entry=ttu&g_ep=EgoyMDI0MTAwMS4wIKXMDSoASAFQAw%3D%3D",bordons.lessiver.ânier,Toulouse,31000,Place du Capitole,Toulouse,Ville / département,Haut,https://metropole.toulouse.fr/,,
24,03,Ville des Lumières,https://astaffortmods.bandcamp.com/track/ville-des-lumi-res,00:10,20,"Il se trouve que je devais pour un truc administratif, me rendre dans la capitale de cette putain d’Occitanie",https://adresse.data.gouv.fr/base-adresse-nationale/31555_1676_00001#18.6/43.60385/1.44405,43.603872,1.444053,"https://www.google.fr/maps/@43.6044408,1.4436763,3a,90y,91.27h,112.56t/data=!3m7!1e1!3m5!1s__b0Ko3247qzV6hCM8tD1g!2e0!6shttps:%2F%2Fstreetviewpixels-pa.googleapis.com%2Fv1%2Fthumbnail%3Fcb_client%3Dmaps_sv.tactile%26w%3D900%26h%3D600%26pitch%3D-22.55853669681518%26panoid%3D__b0Ko3247qzV6hCM8tD1g%26yaw%3D91.26915268648041!7i13312!8i6656?coh=205410&entry=ttu&g_ep=EgoyMDI0MTAwMS4wIKXMDSoASAFQAw%3D%3D",bordons.lessiver.ânier,Toulouse,31000,Place du Capitole,Toulouse,Ville / département,Haut,https://metropole.toulouse.fr/,,
25,03,Ville des Lumières,https://astaffortmods.bandcamp.com/track/ville-des-lumi-res,00:32,21,La route est sans surprise. Vinci me pompe en autoroute L’équivalant en ville d’un huitième de casse-croûte,https://adresse.data.gouv.fr/base-adresse-nationale/31555_1481_00015#18.6/43.65715/1.42495,43.65801,1.4268688,"https://www.google.fr/maps/@43.6586153,1.4265699,3a,75y,160.34h,78.16t/data=!3m8!1e1!3m6!1sa-lpgGmHHgUeOpChiDs65w!2e0!5s20181001T000000!6shttps:%2F%2Fstreetviewpixels-pa.googleapis.com%2Fv1%2Fthumbnail%3Fcb_client%3Dmaps_sv.tactile%26w%3D900%26h%3D600%26pitch%3D11.83964599802188%26panoid%3Da-lpgGmHHgUeOpChiDs65w%26yaw%3D160.3398742694231!7i16384!8i8192?coh=205410&entry=ttu&g_ep=EgoyMDI0MTAwMS4wIKXMDSoASAFQAw%3D%3D",bichette.mémoire.civisme,Aucamville,31000,15  Impasse de la Cadène,Toulouse,Ville / département,Haut,,,
26,03,Ville des Lumières,https://astaffortmods.bandcamp.com/track/ville-des-lumi-res,00:40,22,Tu prends Rocade intérieure ou Rocade extérieure ?,n/a,43.5755274,1.440897,"https://www.google.fr/maps/@43.5755274,1.440897,3a,75y,220.97h,89.22t/data=!3m7!1e1!3m5!1s8qKVi07gdhdt6LLezFR6oA!2e0!6shttps:%2F%2Fstreetviewpixels-pa.googleapis.com%2Fv1%2Fthumbnail%3Fcb_client%3Dmaps_sv.tactile%26w%3D900%26h%3D600%26pitch%3D0.7819570296614984%26panoid%3D8qKVi07gdhdt6LLezFR6oA%26yaw%3D220.9694914387956!7i16384!8i8192?coh=205410&entry=ttu&g_ep=EgoyMDI0MTAwMi4xIKXMDSoASAFQAw%3D%3D",embauchons.clairon.avisant,Toulouse,31000,A 620,Rocade Toulouse,Route / voie navigable,Haut,,,
27,03,Ville des Lumières,https://astaffortmods.bandcamp.com/track/ville-des-lumi-res,01:16,23,Ça me flingue d’être encore à dix bornes d’Esquirol,https://adresse.data.gouv.fr/base-adresse-nationale/31555_3084_00001#18.6/43.60015/1.44395,43.600172,1.443922,"https://www.google.com/maps/@43.6004027,1.4438365,3a,75y,119.1h,89.81t/data=!3m7!1e1!3m5!1sA6ApyKoz2a7Qn6KPt_114A!2e0!6shttps:%2F%2Fstreetviewpixels-pa.googleapis.com%2Fv1%2Fthumbnail%3Fcb_client%3Dmaps_sv.tactile%26w%3D900%26h%3D600%26pitch%3D0.18925966450102294%26panoid%3DA6ApyKoz2a7Qn6KPt_114A%26yaw%3D119.1004103768429!7i16384!8i8192?coh=205410&entry=ttu&g_ep=EgoyMDI0MTAwMS4wIKXMDSoASAFQAw%3D%3D",déplacer.pédalier.arbre,Toulouse,31000,Place Etienne Esquirol,Esquirol,Quartier,Haut,https://fr.wikipedia.org/wiki/Quartier_Esquirol_(Toulouse),,
28,03,Ville des Lumières,https://astaffortmods.bandcamp.com/track/ville-des-lumi-res,01:45,24,Pas v’nu pour un concert de world à la Mounède,https://adresse.data.gouv.fr/base-adresse-nationale/31555_2121_00001#17.78/43.573171/1.380683,43.573389,1.381806,"https://www.google.com/maps/@43.5734558,1.3805185,3a,75y,287.02h,96.41t/data=!3m7!1e1!3m5!1sqD6SWI-h6qR2jsTS2G8CqA!2e0!6shttps:%2F%2Fstreetviewpixels-pa.googleapis.com%2Fv1%2Fthumbnail%3Fcb_client%3Dmaps_sv.tactile%26w%3D900%26h%3D600%26pitch%3D-6.407847699614152%26panoid%3DqD6SWI-h6qR2jsTS2G8CqA%26yaw%3D287.0188279044793!7i13312!8i6656?coh=205410&entry=ttu&g_ep=EgoyMDI0MTAwMS4wIKXMDSoASAFQAw%3D%3D",réduite.diapason.rasons,Toulouse,31100,1 Rue Claude-Marie Perroud,La Mounède,Etablissement culturel,Haut,http://crpc.free.fr/,,
29,03,Ville des Lumières,https://astaffortmods.bandcamp.com/track/ville-des-lumi-res,02:30,6,Et ça se fout de Bordeaux qui est nulle comme ville,https://adresse.data.gouv.fr/base-adresse-nationale/33063_7215#18.33/44.837617/-0.576279,44.838029,-0.5786748,"https://www.google.fr/maps/@44.838029,-0.5786748,3a,75y,257.2h,92.6t/data=!3m7!1e1!3m5!1smccUknG0hCGr-kUTONisKg!2e0!6shttps:%2F%2Fstreetviewpixels-pa.googleapis.com%2Fv1%2Fthumbnail%3Fcb_client%3Dmaps_sv.tactile%26w%3D900%26h%3D600%26pitch%3D-2.597352599561873%26panoid%3DmccUknG0hCGr-kUTONisKg%26yaw%3D257.20134443991105!7i13312!8i6656?coh=205410&entry=ttu&g_ep=EgoyMDI0MDkzMC4wIKXMDSoASAFQAw%3D%3D",remontons.préférer.cadencer,Bordeaux,33000,Place Pey Berland,Bordeaux,Ville / département,Haut,https://www.bordeaux.fr/,,
30,03,Ville des Lumières,https://astaffortmods.bandcamp.com/track/ville-des-lumi-res,02:32,25,"Astaffort, sort du Lot et chie dans ta Garonne",https://adresse.data.gouv.fr/base-adresse-nationale/47015_0075_00001#18.59/44.0646616/0.6515626,44.064513,0.651636,"https://www.google.fr/maps/@44.0646382,0.6517852,3a,75y,323.69h,102.16t/data=!3m7!1e1!3m5!1srwGhysq6-ZipqxllYG22aA!2e0!6shttps:%2F%2Fstreetviewpixels-pa.googleapis.com%2Fv1%2Fthumbnail%3Fcb_client%3Dmaps_sv.tactile%26w%3D900%26h%3D600%26pitch%3D-12.164441296133461%26panoid%3DrwGhysq6-ZipqxllYG22aA%26yaw%3D323.69212170745953!7i16384!8i8192?coh=205410&entry=ttu&g_ep=EgoyMDI0MTAwMS4wIKXMDSoASAFQAw%3D%3D",migrer.adorons.retirons,Astaffort,47220,Place de l'Hôtel de Ville,Astaffort,Ville / département,Haut,http://ville-astaffort.fr/,,
31,03,Ville des Lumières,https://astaffortmods.bandcamp.com/track/ville-des-lumi-res,02:32,51,"Astaffort, sort du Lot et chie dans ta Garonne",https://adresse.data.gouv.fr/base-adresse-nationale/46042_1680_00001#18.67/44.4476437/1.4426329,44.447434,1.44256,"https://www.google.com/maps/@44.4473363,1.4424927,3a,75y,353.83h,92.49t/data=!3m8!1e1!3m6!1s-UFr4yB75l0ZDiiVM8-Uhg!2e0!5s20181001T000000!6shttps:%2F%2Fstreetviewpixels-pa.googleapis.com%2Fv1%2Fthumbnail%3Fcb_client%3Dmaps_sv.tactile%26w%3D900%26h%3D600%26pitch%3D-2.489863942607414%26panoid%3D-UFr4yB75l0ZDiiVM8-Uhg%26yaw%3D353.8312324383058!7i16384!8i8192?coh=205410&entry=ttu&g_ep=EgoyMDI0MTAwOC4wIKXMDSoASAFQAw%3D%3D",salade.bohème.imitons,Cahors,46000,1  Place Jean-jacques Chapou,Lot,Ville / département,Haut,https://lot.fr/,,
32,03,Ville des Lumières,https://astaffortmods.bandcamp.com/track/ville-des-lumi-res,02:50,26,Déjà passé Montauban y’a comme de l’air autour,https://adresse.data.gouv.fr/base-adresse-nationale/82121_3822_00009#18.59/44.01635/1.35275,44.016376,1.352761,"https://www.google.fr/maps/@44.016467,1.3527745,3a,75y,192.6h,96.79t/data=!3m7!1e1!3m5!1ss3jNC_QyRMB3p8FKafHbEg!2e0!6shttps:%2F%2Fstreetviewpixels-pa.googleapis.com%2Fv1%2Fthumbnail%3Fcb_client%3Dmaps_sv.tactile%26w%3D900%26h%3D600%26pitch%3D-6.78830629149823%26panoid%3Ds3jNC_QyRMB3p8FKafHbEg%26yaw%3D192.60188522036208!7i16384!8i8192?coh=205410&entry=ttu&g_ep=EgoyMDI0MTAwMS4wIKXMDSoASAFQAw%3D%3D",déposons.ronfleur.buvons,Montauban,82000,9 Rue de l'Hôtel de ville,Montauban,Ville / département,Haut,http://www.montauban.com/,,
33,03,Ville des Lumières,https://astaffortmods.bandcamp.com/track/ville-des-lumi-res,03:25,27,"Te crois pas plus malin parce que t’habites à Lyon, bien sûr",https://adresse.data.gouv.fr/base-adresse-nationale/69381_1810_00001#18.55/45.76785/4.83575,45.767808,4.835757,"https://www.google.fr/maps/@45.7675789,4.8341723,3a,90y,82.71h,115.11t/data=!3m7!1e1!3m5!1sjt29LKTzgyIWJu-ZLPVyCA!2e0!6shttps:%2F%2Fstreetviewpixels-pa.googleapis.com%2Fv1%2Fthumbnail%3Fcb_client%3Dmaps_sv.tactile%26w%3D900%26h%3D600%26pitch%3D-25.108465906814672%26panoid%3Djt29LKTzgyIWJu-ZLPVyCA%26yaw%3D82.70634901343436!7i13312!8i6656?coh=205410&entry=ttu&g_ep=EgoyMDI0MTAwMS4wIKXMDSoASAFQAw%3D%3D",éditer.messager.palpons,Lyon,69001,1 Place de la Comédie,Lyon,Ville / département,Haut,http://www.lyon.fr/,,
34,03,Ville des Lumières,https://astaffortmods.bandcamp.com/track/ville-des-lumi-res,03:28,28,"À Marseille, aussi, pardi.",https://adresse.data.gouv.fr/base-adresse-nationale/13202_7462_00066#18.61/43.29635/5.37055,43.296333,5.370561,"https://www.google.com/maps/@43.2961204,5.3700428,3a,90y,346.7h,102.43t/data=!3m7!1e1!3m5!1sLGWggLn7f_GklrAUx6FZjw!2e0!6shttps:%2F%2Fstreetviewpixels-pa.googleapis.com%2Fv1%2Fthumbnail%3Fcb_client%3Dmaps_sv.tactile%26w%3D900%26h%3D600%26pitch%3D-12.430702938496552%26panoid%3DLGWggLn7f_GklrAUx6FZjw%26yaw%3D346.7029887319189!7i16384!8i8192?coh=205410&entry=ttu&g_ep=EgoyMDI0MTAwMS4wIKXMDSoASAFQAw%3D%3D",convenable.livrable.dune,Marseille,13002,66 Quai du Port,Marseille,Ville / département,Haut,https://www.marseille.fr/,,
35,04,Champignon,https://astaffortmods.bandcamp.com/track/champignon,00:13,29,"Hé drôle, tu crois que je t’ai pas vu te garer style en louzedé avec ton putain de Touran 7 places le long du chemin en direction de Cuq ?",https://adresse.data.gouv.fr/base-adresse-nationale/47015_hirx7a_00843#18.59/44.06775/0.66225,44.068389,0.660528,"https://www.google.com/maps/@44.068392,0.6579591,801m/data=!3m1!1e3?entry=ttu&g_ep=EgoyMDI0MTAwMS4wIKXMDSoASAFQAw%3D%3D",pulsion.sécateur.rajeunir,Astaffort,47220,Route de Cuq,Route de Cuq,Route / voie navigable,Bas,,,
36,04,Champignon,https://astaffortmods.bandcamp.com/track/champignon,00:27,30,"Je sais d’où tu viens, Espèce de malin. Je sais même que tu l’a loué chez Europcar, pile en face de la gare.",https://adresse.data.gouv.fr/base-adresse-nationale/33063_8880_00137#18.57/44.82385/-0.55495,44.823845,-0.554969,"https://www.google.com/maps/place/Europcar+Bordeaux+Gare+Saint+Jean/@44.8249245,-0.5547494,3a,75y,90t/data=!3m8!1e2!3m6!1sAF1QipN6_5yPr7TmlJZw5edYXHvDaTr43mq6tLvrmyLq!2e10!3e12!6shttps:%2F%2Flh5.googleusercontent.com%2Fp%2FAF1QipN6_5yPr7TmlJZw5edYXHvDaTr43mq6tLvrmyLq%3Dw203-h270-k-no!7i2976!8i3968!4m9!3m8!1s0xd55264f52f8cd4d:0x8cb278aab0fdd088!8m2!3d44.8249245!4d-0.5547494!10e5!14m1!1BCgIgAQ!16s%2Fg%2F1wyc5nkm?entry=ttu&g_ep=EgoyMDI0MTAwMS4wIKXMDSoASAFQAw%3D%3D",creusons.ouvrier.effacer,Bordeaux,33800,137 Rue des Terres de Borde,Europcar,Commerce,Moyen,https://www.europcar.fr/fr-fr/places/location-voiture-france/bordeaux/bordeaux-gare-saint-jean,,
37,04,Champignon,https://astaffortmods.bandcamp.com/track/champignon,00:27,30,"Je sais d’où tu viens, Espèce de malin. Je sais même que tu l’a loué chez Europcar, pile en face de la gare.",https://adresse.data.gouv.fr/base-adresse-nationale/47001_3128_00120#18.25/44.207441/0.621301,44.2074389,0.6208588,"https://www.google.com/maps/place/Europcar+AGEN+RAILWAY+STATION/@44.2074389,0.6208588,3a,75y,37.89h,80.99t/data=!3m7!1e1!3m5!1soSFCXkt-yzsapSjNE31sjw!2e0!6shttps:%2F%2Fstreetviewpixels-pa.googleapis.com%2Fv1%2Fthumbnail%3Fcb_client%3Dmaps_sv.tactile%26w%3D900%26h%3D600%26pitch%3D9.006011123905125%26panoid%3DoSFCXkt-yzsapSjNE31sjw%26yaw%3D37.89187263472317!7i16384!8i8192!4m14!1m7!3m6!1s0x12abb31ff219932d:0xc6f3f846d805a972!2sEuropcar+AGEN+RAILWAY+STATION!8m2!3d44.2073981!4d0.620981!16s%2Fg%2F1trlf2y8!3m5!1s0x12abb31ff219932d:0xc6f3f846d805a972!8m2!3d44.2073981!4d0.620981!16s%2Fg%2F1trlf2y8?coh=205410&entry=ttu&g_ep=EgoyMDI0MTAwMi4xIKXMDSoASAFQAw%3D%3D",amarrage.boudons.engin,Agen,47000,120 Boulevard Carnot,Europcar,Commerce,Moyen,,,
38,04,Champignon,https://astaffortmods.bandcamp.com/track/champignon,02:26,31,"Et c’est pas la peine de te pointer sur les coups de 18h00 au bar du commerce avec l’idée géniale   de nous payer un pastis sans intention d’offrir l’apéro, mais plutôt de nous tirer les vers du nez.",https://adresse.data.gouv.fr/base-adresse-nationale/47015_0045_00028#18.59/44.06365/0.6512,44.0636321,0.6511203,"https://www.google.com/maps/@44.0636565,0.651048,3a,48.9y,66.19h,76.73t/data=!3m8!1e1!3m6!1snZZjBRJzsr1iQDO9XKgi6A!2e0!5s20220401T000000!6shttps:%2F%2Fstreetviewpixels-pa.googleapis.com%2Fv1%2Fthumbnail%3Fcb_client%3Dmaps_sv.tactile%26w%3D900%26h%3D600%26pitch%3D13.266220394457989%26panoid%3DnZZjBRJzsr1iQDO9XKgi6A%26yaw%3D66.19358867826523!7i16384!8i8192?coh=205410&entry=ttu&g_ep=EgoyMDI0MTAwMS4wIKXMDSoASAFQAw%3D%3D",pouvoir.affirmer.tigresse,Astaffort,47220,28  Place de la Craste,Bar du commerce,Shop,Haut,https://bar-du-commerce.eatbu.com,,
39,04,Champignon,https://astaffortmods.bandcamp.com/track/champignon,02:35,32,On t’a vu arriver. Depuis l’A 62 sortie 7.,https://adresse.data.gouv.fr/base-adresse-nationale/47201_0859_00073#18.59/44.16545/0.6062,44.165467,0.60622,"https://www.google.fr/maps/@44.1646577,0.6055619,3a,75y,16.91h,89.17t/data=!3m8!1e1!3m6!1sYJzeg-3RY_ztUBQpXE4HrA!2e0!5s20181101T000000!6shttps:%2F%2Fstreetviewpixels-pa.googleapis.com%2Fv1%2Fthumbnail%3Fcb_client%3Dmaps_sv.tactile%26w%3D900%26h%3D600%26pitch%3D0.8268282430575198%26panoid%3DYJzeg-3RY_ztUBQpXE4HrA%26yaw%3D16.909156412608226!7i13312!8i6656!5m1!1e1?coh=205410&entry=ttu&g_ep=EgoyMDI0MTAwMS4wIKXMDSoASAFQAw%3D%3D",brune.plumage.grandeur,Le Passage,47520,73 Route du Peyre,A62 sortie 7,Route / voie navigable,Haut,https://fr.wikipedia.org/wiki/Autoroute_A62_(France),,
40,04,Champignon,https://astaffortmods.bandcamp.com/track/champignon,02:42,33,"On lâchera rien, même pas où se trouvent ces putains de toilettes. ",https://adresse.data.gouv.fr/base-adresse-nationale/47015_0045_00028#18.59/44.06365/0.6512,44.0636321,0.6511203,"https://www.google.com/maps/place/BAR+DU+COMMERCE/@44.0636893,0.651234,3a,75y,90t/data=!3m8!1e2!3m6!1sAF1QipM6TkMNVwpUyQho4oYqnRpap9ptayrJ1RMDcnFg!2e10!3e12!6shttps:%2F%2Flh5.googleusercontent.com%2Fp%2FAF1QipM6TkMNVwpUyQho4oYqnRpap9ptayrJ1RMDcnFg%3Dw203-h114-k-no!7i5984!8i3376!4m7!3m6!1s0x12abca4f077cedbb:0x3c08630f2e69750a!8m2!3d44.0636893!4d0.651234!10e5!16s%2Fg%2F11gglpvnhm?entry=ttu&g_ep=EgoyMDI0MTAwMi4xIKXMDSoASAFQAw%3D%3D",pouvoir.affirmer.tigresse,Astaffort,47220,28  Place de la Craste,Toilettes du Bar du commerce,Commerce,Haut,,,
41,04,Champignon,https://astaffortmods.bandcamp.com/track/champignon,03:03,34,Est ce que tu m’as vu monter à Paris ramasser tes champignons ? ,https://adresse.data.gouv.fr/base-adresse-nationale/75104_8249_00029#18.46/48.85705/2.35285,48.857019,2.352848,"https://www.google.com/maps/place/Mairie+de+Paris/@48.8571554,2.3529575,3a,90y,203.14h,93.09t/data=!3m7!1e1!3m5!1sikhdxo1jubqVk0ri0pkZZg!2e0!6shttps:%2F%2Fstreetviewpixels-pa.googleapis.com%2Fv1%2Fthumbnail%3Fcb_client%3Dmaps_sv.tactile%26w%3D900%26h%3D600%26pitch%3D-3.0854807076279087%26panoid%3Dikhdxo1jubqVk0ri0pkZZg%26yaw%3D203.1440893715061!7i16384!8i8192!4m10!1m2!2m1!1smairie+paris!3m6!1s0x47e66e23b4333db3:0xbc314dec89c4971!8m2!3d48.8570588!4d2.3529152!15sCgxtYWlyaWUgcGFyaXNaDiIMbWFpcmllIHBhcmlzkgEJY2l0eV9oYWxsmgEjQ2haRFNVaE5NRzluUzBWSlEwRm5TVVEyYzA5MWNrbFJFQUXgAQA!16s%2Fg%2F11c6pn36ph?coh=205410&entry=ttu&g_ep=EgoyMDI0MTAwMS4wIKXMDSoASAFQAw%3D%3D",allumons.foulant.disposer,Paris,75004,29 Rue de Rivoli,Paris,Ville / département,Haut,https://www.paris.fr/,,
42,04,Champignon,https://astaffortmods.bandcamp.com/track/champignon,03:06,35,"Si j’en veux, un temps soit peu, je la joue réglo, je file au Shopi me payer une barquette à 2 euros. ",,,,,,,,,,Commerce,n/a,,,
43,04,Champignon,https://astaffortmods.bandcamp.com/track/champignon,03:16,36,"Rendez vous au marché samedi matin, pas trop tard sinon t’auras plus rien.",https://adresse.data.gouv.fr/base-adresse-nationale/47015_0015_00024#18.59/44.06365/0.6514,44.0633257,0.6509394,"https://www.google.com/maps/@44.0633257,0.6509394,3a,75y,283.97h,98.33t/data=!3m7!1e1!3m5!1scRZ5LZhc72NO9-QI6uXpsA!2e0!6shttps:%2F%2Fstreetviewpixels-pa.googleapis.com%2Fv1%2Fthumbnail%3Fcb_client%3Dmaps_sv.tactile%26w%3D900%26h%3D600%26pitch%3D-8.334426051893786%26panoid%3DcRZ5LZhc72NO9-QI6uXpsA%26yaw%3D283.9689924599197!7i16384!8i8192?coh=205410&entry=ttu&g_ep=EgoyMDI0MTAwMi4xIKXMDSoASAFQAw%3D%3D",rediffuser.supérieur.désertique,Astaffort,47220,Place André Routier,Marché Astaffort,Commerce,Haut,https://www.facebook.com/p/March%C3%A9-d-Astaffort-100069365442157/,,https://www.jours-de-marche.fr/marche/47220-astaffort/2695/
44,05,Expectative,https://astaffortmods.bandcamp.com/track/expectative-2,03:05,37,"Au Music'Halle, dans une soirée, j’ai vu mixer Xavier",https://adresse.data.gouv.fr/base-adresse-nationale/47015_0015_00024#18.59/44.06365/0.6514,44.0631291,0.6506254,"https://www.google.com/maps/@44.0633076,0.6510649,3a,65.9y,211.81h,93.82t/data=!3m7!1e1!3m5!1sQMsYrOfZjYlVzXEiPCDV9g!2e0!6shttps:%2F%2Fstreetviewpixels-pa.googleapis.com%2Fv1%2Fthumbnail%3Fcb_client%3Dmaps_sv.tactile%26w%3D900%26h%3D600%26pitch%3D-3.8172208953636613%26panoid%3DQMsYrOfZjYlVzXEiPCDV9g%26yaw%3D211.8128370190552!7i16384!8i8192?coh=205410&entry=ttu&g_ep=EgoyMDI0MTAwMi4xIKXMDSoASAFQAw%3D%3D",liguant.dotation.bonheur,Astaffort,47220,Place André Routier,Music'Halle,Etablissement culturel,Haut,,,
45,06,Jeunes du dimanche,https://astaffortmods.bandcamp.com/track/jeunes-du-dimanche,00:50,38,"Pour commencer, la maison des jeunes, c'est dans la même direction que le cimetière",https://adresse.data.gouv.fr/base-adresse-nationale/47015_0070_00011#18.59/44.06765/0.6518,44.067657,0.651791,"https://www.google.fr/maps/place/Bar+de+l'abattoir/@44.0675739,0.6517759,3a,75y,353.52h,90t/data=!3m8!1e1!3m6!1sZAZeOFnRPpCYAmbd1iXc6g!2e0!5s20220401T000000!6shttps:%2F%2Fstreetviewpixels-pa.googleapis.com%2Fv1%2Fthumbnail%3Fcb_client%3Dmaps_sv.tactile%26w%3D900%26h%3D600%26pitch%3D0%26panoid%3DZAZeOFnRPpCYAmbd1iXc6g%26yaw%3D353.51715!7i16384!8i8192!4m14!1m7!3m6!1s0x12abcbba1b6155c7:0xbce18e0676d00bc1!2sBar+de+l'abattoir!8m2!3d44.0676855!4d0.6517486!16s%2Fg%2F11fd6mfsqf!3m5!1s0x12abcbba1b6155c7:0xbce18e0676d00bc1!8m2!3d44.0676855!4d0.6517486!16s%2Fg%2F11fd6mfsqf!5m1!1e1?coh=205410&entry=ttu&g_ep=EgoyMDI0MTAwMi4xIKXMDSoASAFQAw%3D%3D",escarpin.cuisons.remanger,Astaffort,47220,11  Avenue de la Gare,Maison des jeunes,Service Public,Haut,https://abattoirastaffort.org,,
46,06,Jeunes du dimanche,https://astaffortmods.bandcamp.com/track/jeunes-du-dimanche,00:50,39,"Pour commencer, la maison des jeunes, c'est dans la même direction que le cimetière",https://adresse.data.gouv.fr/base-adresse-nationale/47015_0070_00015#18.59/44.06805/0.6532,44.068071,0.653176,"https://www.google.fr/maps/place/Cimeti%C3%A8re/@44.0680948,0.65378,3a,75y,324.97h,78.52t/data=!3m7!1e1!3m5!1sUBjldb2XN1R1xCzyyEugww!2e0!6shttps:%2F%2Fstreetviewpixels-pa.googleapis.com%2Fv1%2Fthumbnail%3Fcb_client%3Dmaps_sv.tactile%26w%3D900%26h%3D600%26pitch%3D11.481450584115322%26panoid%3DUBjldb2XN1R1xCzyyEugww%26yaw%3D324.9728662329397!7i16384!8i8192!4m15!1m8!3m7!1s0x12abca44fad64be7:0x5b962974d74f9005!2s47220+Astaffort!3b1!8m2!3d44.064756!4d0.651658!16s%2Fm%2F03ql_zm!3m5!1s0x12abca4682025847:0x785547ab3d87ab37!8m2!3d44.0683206!4d0.6536188!16s%2Fg%2F11gff6xvty!5m1!1e1?coh=205410&entry=ttu&g_ep=EgoyMDI0MTAwMi4xIKXMDSoASAFQAw%3D%3D",entente.diminuons.recouvert,Astaffort,47220,15  Avenue de la Gare,Cimetière,Service Public,Haut,http://ville-astaffort.fr/page/le-cimetiere,,
47,06,Jeunes du dimanche,https://astaffortmods.bandcamp.com/track/jeunes-du-dimanche,01:23,40,"En redescendant la Place de la Craste, j'aperçois le reste de la bande de pignoufs à glander au kiosque",https://adresse.data.gouv.fr/base-adresse-nationale/47015_0045_00006#18.59/44.06385/0.6509,44.063896,0.65092,"https://www.google.fr/maps/@44.0633257,0.6509394,3a,75y,10.95h,86.9t/data=!3m7!1e1!3m5!1scRZ5LZhc72NO9-QI6uXpsA!2e0!6shttps:%2F%2Fstreetviewpixels-pa.googleapis.com%2Fv1%2Fthumbnail%3Fcb_client%3Dmaps_sv.tactile%26w%3D900%26h%3D600%26pitch%3D3.10366679610361%26panoid%3DcRZ5LZhc72NO9-QI6uXpsA%26yaw%3D10.953769037303154!7i16384!8i8192!5m1!1e1?coh=205410&entry=ttu&g_ep=EgoyMDI0MTAwMi4xIKXMDSoASAFQAw%3D%3D",vérité.mouchons.lézard,Astaffort,47220,6 Place de la Craste,Kiosque,Etablissement culturel,Haut,,,
48,06,Jeunes du dimanche,https://astaffortmods.bandcamp.com/track/jeunes-du-dimanche,01:25,25,"D'ailleurs, ils ont fait un clip de Hip hop avec leur téléphone, et ils ont bien du mérite parce qu'il a fallu faire plus de 30 bornes pour trouver un bâtiment de plus d'un étage. On a reconnu la cage d'escaliers du lycée pro, c'est bien, c'est ghetto,",https://adresse.data.gouv.fr/base-adresse-nationale/47100_0033_00006#18.58/44.23225/0.642,44.232209,0.642021,"https://www.google.fr/maps/place/Lyc%C3%A9e+Professionnel+R%C3%A9gional+Jean+Monnet/@44.2322934,0.6419675,3a,75y,90t/data=!3m8!1e2!3m6!1sAF1QipM9O1_mD5URBfwZ6eGCvH28kXwbKvq9nxQXuUCg!2e10!3e12!6shttps:%2F%2Flh5.googleusercontent.com%2Fp%2FAF1QipM9O1_mD5URBfwZ6eGCvH28kXwbKvq9nxQXuUCg%3Dw203-h152-k-no!7i8000!8i6000!4m11!1m2!2m1!1slyc%C3%A9e+professionnel!3m7!1s0x12abb2623e854315:0x9a8eb47073c5b08d!8m2!3d44.2318795!4d0.641613!10e5!15sChRseWPDqWUgcHJvZmVzc2lvbm5lbFoWIhRseWPDqWUgcHJvZmVzc2lvbm5lbJIBF2VkdWNhdGlvbmFsX2luc3RpdHV0aW9umgEjQ2haRFNVaE5NRzluUzBWSlEwRm5TVVI1ZVU5SVZXWjNFQUXgAQA!16s%2Fg%2F1tdkzqsg!5m1!1e1?entry=ttu&g_ep=EgoyMDI0MTAwMi4xIKXMDSoASAFQAw%3D%3D",objectif.entrepôt.déliant,Foulayronnes,47510,6 rue Marcel Pagnom,Lycée pro,Service Public,Bas,https://lp-jean-monnet.fr/letablissement/,,
49,06,Jeunes du dimanche,https://astaffortmods.bandcamp.com/track/jeunes-du-dimanche,01:42,41,La dernière fois il y en a un qui s'est fait attrapé en train d'écrire Astaffort 47 à la bombe sur un mur de la place de la Mairie,https://adresse.data.gouv.fr/base-adresse-nationale/47015_0075_00001#18.59/44.0646616/0.6515626,44.064513,0.651636,"https://www.google.fr/maps/@44.0646382,0.6517852,3a,75y,323.69h,102.16t/data=!3m7!1e1!3m5!1srwGhysq6-ZipqxllYG22aA!2e0!6shttps:%2F%2Fstreetviewpixels-pa.googleapis.com%2Fv1%2Fthumbnail%3Fcb_client%3Dmaps_sv.tactile%26w%3D900%26h%3D600%26pitch%3D-12.164441296133461%26panoid%3DrwGhysq6-ZipqxllYG22aA%26yaw%3D323.69212170745953!7i16384!8i8192?coh=205410&entry=ttu&g_ep=EgoyMDI0MTAwMS4wIKXMDSoASAFQAw%3D%3D",migrer.adorons.retirons,Astaffort,47220,Place de l'Hôtel de Ville,Place de la Mairie,Route / voie navigable,Haut,,,
50,06,Jeunes du dimanche,https://astaffortmods.bandcamp.com/track/jeunes-du-dimanche,02:17,31,"Bien installé à la terrasse du café du Commerce, ça sent bon le jaune",https://adresse.data.gouv.fr/base-adresse-nationale/47015_0045_00028#18.59/44.06365/0.6512,44.0636321,0.6511203,"https://www.google.com/maps/@44.0636565,0.651048,3a,48.9y,66.19h,76.73t/data=!3m8!1e1!3m6!1snZZjBRJzsr1iQDO9XKgi6A!2e0!5s20220401T000000!6shttps:%2F%2Fstreetviewpixels-pa.googleapis.com%2Fv1%2Fthumbnail%3Fcb_client%3Dmaps_sv.tactile%26w%3D900%26h%3D600%26pitch%3D13.266220394457989%26panoid%3DnZZjBRJzsr1iQDO9XKgi6A%26yaw%3D66.19358867826523!7i16384!8i8192?coh=205410&entry=ttu&g_ep=EgoyMDI0MTAwMS4wIKXMDSoASAFQAw%3D%3D",pouvoir.affirmer.tigresse,Astaffort,47220,28  Place de la Craste,Bar du commerce,Commerce,Haut,https://bar-du-commerce.eatbu.com,,
51,06,Jeunes du dimanche,https://astaffortmods.bandcamp.com/track/jeunes-du-dimanche,02:45,42,"Aussi nombreux que la population de Kingston, si on veut bien compter les poux et les acariens",,,,,,,,,Kingston,Ville / département,,,,
52,06,Jeunes du dimanche,https://astaffortmods.bandcamp.com/track/jeunes-du-dimanche,02:52,43,"Mais putain, qu'est-ce qu'ils foutent ici ? Il y a plus de place en Ariège ?",https://adresse.data.gouv.fr/base-adresse-nationale/09122_1250_00002#18.61/42.96705/1.60595,42.967085,1.605957,"https://www.google.fr/maps/@42.9670561,1.6059827,3a,75y,73.35h,94.69t/data=!3m7!1e1!3m5!1s6eZIo37CpqZhcl5H3kzaoQ!2e0!6shttps:%2F%2Fstreetviewpixels-pa.googleapis.com%2Fv1%2Fthumbnail%3Fcb_client%3Dmaps_sv.tactile%26w%3D900%26h%3D600%26pitch%3D-4.6852998449653285%26panoid%3D6eZIo37CpqZhcl5H3kzaoQ%26yaw%3D73.34824163154748!7i16384!8i8192!5m1!1e1?coh=205410&entry=ttu&g_ep=EgoyMDI0MTAwMi4xIKXMDSoASAFQAw%3D%3D",nécessaire.excellente.demandeur,Foix,9000,2  Rue du Prefet Claude Erignac,Ariège,Ville / département,Haut,https://ariege.fr/,,
53,06,Jeunes du dimanche,https://astaffortmods.bandcamp.com/track/jeunes-du-dimanche,03:07,44,"Je me souviens quand on était jeunes, les panneaux avec le chevreuil venaient à peine d'être posés sur l'A 62",n/a,44.1431437,0.6571245,"https://www.google.fr/maps/@44.1431437,0.6571245,3a,75y,281.21h,92.24t/data=!3m8!1e1!3m6!1s6VOB_8CvDshrxWiWJ1X50A!2e0!5s20181001T000000!6shttps:%2F%2Fstreetviewpixels-pa.googleapis.com%2Fv1%2Fthumbnail%3Fcb_client%3Dmaps_sv.tactile%26w%3D900%26h%3D600%26pitch%3D-2.2368239813106214%26panoid%3D6VOB_8CvDshrxWiWJ1X50A%26yaw%3D281.21228599550085!7i13312!8i6656!5m1!1e1?coh=205410&entry=ttu&g_ep=EgoyMDI0MTAwMi4xIKXMDSoASAFQAw%3D%3D",chanceux.adjoint.prononcer,Layrac,47390,E72,Panneau chevreuil,Route / voie navigable,Moyen,,,
54,07,C'est quoi ces conneries,https://astaffortmods.bandcamp.com/track/cest-quoi-ces-conneries,00:38,45,"Ici à Astaffort on n’a pas de supermarché, pas de quincaillerie et un très mauvais boulanger, faut se souquer le mercredi pour aller au marché",https://adresse.data.gouv.fr/base-adresse-nationale/47015_0166_00011#18.59/44.05955/0.6517,44.05956,0.651691,"https://www.google.fr/maps/@44.059426,0.6516681,3a,75y,124.32h,90t/data=!3m8!1e1!3m6!1sf9qxRLoSAfjy2VLvZDizZQ!2e0!5s20210901T000000!6shttps:%2F%2Fstreetviewpixels-pa.googleapis.com%2Fv1%2Fthumbnail%3Fcb_client%3Dmaps_sv.tactile%26w%3D900%26h%3D600%26pitch%3D0%26panoid%3Df9qxRLoSAfjy2VLvZDizZQ%26yaw%3D124.317764!7i16384!8i8192!5m1!1e1?coh=205410&entry=ttu&g_ep=EgoyMDI0MTAwMi4xIKXMDSoASAFQAw%3D%3D",jette.modérateur.songer,Astaffort,47220,11  Chemin des Rondes,supermarché,Commerce,Moyen,https://web.archive.org/web/20180728105701/http://ville-astaffort.fr/page/les-entreprises-commerces-et-services-locaux,,
55,07,C'est quoi ces conneries,https://astaffortmods.bandcamp.com/track/cest-quoi-ces-conneries,01:30,1,"Et notre boulanger c’est un bâtard, mais on y va quand même",https://adresse.data.gouv.fr/base-adresse-nationale/47015_0060_00002#18.71/44.06425/0.6512,44.064279,0.651195,"https://www.google.fr/maps/@44.0643538,0.6510526,3a,75y,96.06h,83.99t/data=!3m8!1e1!3m6!1smxWPOO2EekIO8FSO3tUM_A!2e0!5s20160701T000000!6shttps:%2F%2Fstreetviewpixels-pa.googleapis.com%2Fv1%2Fthumbnail%3Fcb_client%3Dmaps_sv.tactile%26w%3D900%26h%3D600%26pitch%3D6.013280752824997%26panoid%3DmxWPOO2EekIO8FSO3tUM_A%26yaw%3D96.05836821672942!7i13312!8i6656?coh=205410&entry=ttu&g_ep=EgoyMDI0MDkyOS4wIKXMDSoASAFQAw%3D%3D",viser.envoyer.torpeur,Astaffort,47220,2 Rue Felix Cassagneau,Au fournil de l'abbé,Commerce,Haut,https://le-fournil-de-l-abbe-astaffort.eatbu.com,,
56,07,C'est quoi ces conneries,https://astaffortmods.bandcamp.com/track/cest-quoi-ces-conneries,01:30,1,"Et notre boulanger c’est un bâtard, mais on y va quand même",https://adresse.data.gouv.fr/base-adresse-nationale/47015_0085_00007#18.59/44.06395/0.65165,44.06394,0.65164,"https://www.google.fr/maps/@44.0639527,0.651648,3a,90y,275.78h,88.44t/data=!3m8!1e1!3m6!1spVS2titf9EpePec7RmfxoA!2e0!5s20160701T000000!6shttps:%2F%2Fstreetviewpixels-pa.googleapis.com%2Fv1%2Fthumbnail%3Fcb_client%3Dmaps_sv.tactile%26w%3D900%26h%3D600%26pitch%3D1.5578158458244218%26panoid%3DpVS2titf9EpePec7RmfxoA%26yaw%3D275.7847422912206!7i13312!8i6656?coh=205410&entry=ttu&g_ep=EgoyMDI0MDkyOS4wIKXMDSoASAFQAw%3D%3D",macérer.trappe.égalisons,Astaffort,47220,7 Rue Jacquillon,Au fournil gourmand,Commerce,Haut,n/a,,
57,08,Denis,https://astaffortmods.bandcamp.com/track/denis,03:04,46,"Mais putain Denis, qu’est ce que tu m’embrouilles là ? T’as jamais foutu les pieds plus loin que Barbaste pour le mariage de Bertrand",https://adresse.data.gouv.fr/base-adresse-nationale/47021_0146_00001#18.59/44.17055/0.28685,44.170582,0.286857,"https://www.google.fr/maps/place/Mairie+de+Barbaste/@44.1707996,0.2867776,3a,75y,123.74h,90t/data=!3m7!1e1!3m5!1sa619qZ0BsW2REFBxrPrTFQ!2e0!6shttps:%2F%2Fstreetviewpixels-pa.googleapis.com%2Fv1%2Fthumbnail%3Fcb_client%3Dmaps_sv.tactile%26w%3D900%26h%3D600%26pitch%3D0%26panoid%3Da619qZ0BsW2REFBxrPrTFQ%26yaw%3D123.74415!7i16384!8i8192!4m14!1m7!3m6!1s0x12aa6a1dd4587c97:0x93d106e792c3b902!2sMairie+de+Barbaste!8m2!3d44.1707239!4d0.2869353!16s%2Fg%2F1tf2pd06!3m5!1s0x12aa6a1dd4587c97:0x93d106e792c3b902!8m2!3d44.1707239!4d0.2869353!16s%2Fg%2F1tf2pd06!5m1!1e1?coh=205410&entry=ttu&g_ep=EgoyMDI0MTAwMi4xIKXMDSoASAFQAw%3D%3D",cligner.optons.avocate,Barbaste,47230,1  allée Victor Hugo,Barbaste,Ville / département,Haut,http://www.barbaste.fr/,,
58,08,Denis,https://astaffortmods.bandcamp.com/track/denis,04:09,47,Denis t’es rien qu’un con. Je viendrai plus faire mon contrôle technique chez toi. Je préfère encore me faire chier à aller le faire à Castelculier.,https://adresse.data.gouv.fr/base-adresse-nationale/47051_0087_01721#18.59/44.17435/0.68895,44.174327,0.688947,"https://www.google.fr/maps/place/Agen+Auto+Bilan/@44.1740563,0.688798,3a,75y,36.55h,90t/data=!3m7!1e1!3m5!1s-KPn1DJJ4a-ZalqIeJX2XA!2e0!6shttps:%2F%2Fstreetviewpixels-pa.googleapis.com%2Fv1%2Fthumbnail%3Fcb_client%3Dmaps_sv.tactile%26w%3D900%26h%3D600%26pitch%3D0%26panoid%3D-KPn1DJJ4a-ZalqIeJX2XA%26yaw%3D36.546436!7i16384!8i8192!4m14!1m7!3m6!1s0x12abb14c33684f07:0x5408bff516fe8408!2sAgen+Auto+Bilan!8m2!3d44.1744236!4d0.6891743!16s%2Fg%2F1yg6nqw8z!3m5!1s0x12abb14c33684f07:0x5408bff516fe8408!8m2!3d44.1744236!4d0.6891743!16s%2Fg%2F1yg6nqw8z!5m1!1e1?coh=205410&entry=ttu&g_ep=EgoyMDI0MTAwMi4xIKXMDSoASAFQAw%3D%3D",chacun.forcer.encadrer,Castelculier,47240,1721  Route de Toulouse,Contrôle technique Castelculier,Commerce,Haut,"https://www.dekra-norisko.fr/dekra/controle-technique/castelculier,47240/1721-route-de-toulouse?S047D119",,
59,10,Complètement débile,https://astaffortmods.bandcamp.com/track/compl-tement-d-bile,03:28,20,"Habiter Toulouse, c'est complètement Débile",https://adresse.data.gouv.fr/base-adresse-nationale/31555_1676_00001#18.6/43.60385/1.44405,43.603872,1.444053,"https://www.google.fr/maps/@43.6044408,1.4436763,3a,90y,91.27h,112.56t/data=!3m7!1e1!3m5!1s__b0Ko3247qzV6hCM8tD1g!2e0!6shttps:%2F%2Fstreetviewpixels-pa.googleapis.com%2Fv1%2Fthumbnail%3Fcb_client%3Dmaps_sv.tactile%26w%3D900%26h%3D600%26pitch%3D-22.55853669681518%26panoid%3D__b0Ko3247qzV6hCM8tD1g%26yaw%3D91.26915268648041!7i13312!8i6656?coh=205410&entry=ttu&g_ep=EgoyMDI0MTAwMS4wIKXMDSoASAFQAw%3D%3D",bordons.lessiver.ânier,Toulouse,31000,Place du Capitole,Toulouse,Ville / département,Haut,https://metropole.toulouse.fr/,,
60,11,CR47,https://astaffortmods.bandcamp.com/track/cr47,00:12,48,Tu vois pas qu'il y a pas assez de places dans les caisses ? Tu crois qu'on va y aller à pinces à Tonneins ?,https://adresse.data.gouv.fr/base-adresse-nationale/47310_1733_00014#18.58/44.38955/0.31135,44.389511,0.311374,"https://www.google.fr/maps/place/Mairie+de+Tonneins/@44.3894144,0.3114241,3a,75y,14.21h,90t/data=!3m7!1e1!3m5!1sQWOdKMlyXZGDABeGSUx_2A!2e0!6shttps:%2F%2Fstreetviewpixels-pa.googleapis.com%2Fv1%2Fthumbnail%3Fcb_client%3Dmaps_sv.tactile%26w%3D900%26h%3D600%26pitch%3D0%26panoid%3DQWOdKMlyXZGDABeGSUx_2A%26yaw%3D14.212458!7i16384!8i8192!4m10!1m2!2m1!1sTonneins+mairie!3m6!1s0x12aa5fee29a28917:0xa9488b0d650edec2!8m2!3d44.3896766!4d0.3115115!15sCg9Ub25uZWlucyBtYWlyaWWSAQljaXR5X2hhbGzgAQA!16s%2Fg%2F11b6d5k1x7!5m1!1e1?coh=205410&entry=ttu&g_ep=EgoyMDI0MTAwMi4xIKXMDSoASAFQAw%3D%3D",énumérer.pilotage.torpeur,Tonneins,47400,14  Boulevard François Mitterrand,Tonneins,Ville / département,Haut,https://www.mairie-tonneins.fr,,
61,11,CR47,https://astaffortmods.bandcamp.com/track/cr47,01:18,49,J'espère qu'il vont pas nous faire jouer sur le stabilisé. Ouais remarque c'est ça ou leur foutu champ en jachère,https://adresse.data.gouv.fr/base-adresse-nationale/47310_1745_00001#18.58/44.40435/0.2965,44.404316,0.296495,"https://www.google.fr/maps/place/Stade+Valmy+Grand/@44.4045365,0.2962272,3a,85.7y,127.89h,88.43t/data=!3m7!1e1!3m5!1sz1T_wcIHyUtjD06Q-HIziQ!2e0!6shttps:%2F%2Fstreetviewpixels-pa.googleapis.com%2Fv1%2Fthumbnail%3Fcb_client%3Dmaps_sv.tactile%26w%3D900%26h%3D600%26pitch%3D1.568988531163967%26panoid%3Dz1T_wcIHyUtjD06Q-HIziQ%26yaw%3D127.89431272343637!7i13312!8i6656!4m10!1m2!2m1!1sStade+de+football+tonneins!3m6!1s0x12aa8bfeaa2d14a1:0xaf15cab0028012c1!8m2!3d44.4041061!4d0.2964175!15sChpTdGFkZSBkZSBmb290YmFsbCB0b25uZWluc1ocIhpzdGFkZSBkZSBmb290YmFsbCB0b25uZWluc5IBDnNwb3J0c19jb21wbGV4mgEkQ2hkRFNVaE5NRzluUzBWSlEwRm5TVVF0TFY5dE5EVkJSUkFC4AEA!16s%2Fg%2F11rzdhk1bc!5m1!1e1?coh=205410&entry=ttu&g_ep=EgoyMDI0MTAwMi4xIKXMDSoASAFQAw%3D%3D",épicentre.loyalement.astronaute,Tonneins,47400,1 rue jean panno,Stade de Tonneins,Service Public,Moyen,https://www.mairie-tonneins.fr/1/vivre-a-tonneins/sports-et-loisirs/les-installations-sportives,,
62,11,CR47,https://astaffortmods.bandcamp.com/track/cr47,01:18,49,J'espère qu'il vont pas nous faire jouer sur le stabilisé. Ouais remarque c'est ça ou leur foutu champ en jachère,https://adresse.data.gouv.fr/base-adresse-nationale/47310_1746_00001#18.58/44.39115/0.32085,44.3922564,0.3185925,"https://www.google.fr/maps/@44.3910394,0.3196442,3a,75y,344.25h,89.91t/data=!3m7!1e1!3m5!1snfq_pRZUY6vcV6YIyi9HNg!2e0!6shttps:%2F%2Fstreetviewpixels-pa.googleapis.com%2Fv1%2Fthumbnail%3Fcb_client%3Dmaps_sv.tactile%26w%3D900%26h%3D600%26pitch%3D0.09256316130301911%26panoid%3Dnfq_pRZUY6vcV6YIyi9HNg%26yaw%3D344.2527718539564!7i16384!8i8192!5m1!1e1?coh=205410&entry=ttu&g_ep=EgoyMDI0MTAwMi4xIKXMDSoASAFQAw%3D%3D",téléviser.décimaux.bougeant,Tonneins,47400,1  Rue Jude Patissié,Stade de Tonneins,Service Public,Moyen,https://www.mairie-tonneins.fr/1/vivre-a-tonneins/sports-et-loisirs/les-installations-sportives,,
63,11,CR47,https://astaffortmods.bandcamp.com/track/cr47,01:55,50,"On a pas d'excuses, on est pas dans le Gers",https://adresse.data.gouv.fr/base-adresse-nationale/32013_3645_00003#18.6/43.64655/0.5864,43.646523,0.58639,"https://www.google.fr/maps/place/Pr%C3%A9fecture+du+Gers/@43.6465102,0.5862228,3a,75y,91.11h,90t/data=!3m7!1e1!3m5!1sUh92JGPZHPLYp7yFeLgzCg!2e0!6shttps:%2F%2Fstreetviewpixels-pa.googleapis.com%2Fv1%2Fthumbnail%3Fcb_client%3Dmaps_sv.tactile%26w%3D900%26h%3D600%26pitch%3D0%26panoid%3DUh92JGPZHPLYp7yFeLgzCg%26yaw%3D91.10839!7i16384!8i8192!4m12!1m5!3m4!2zNDPCsDM4JzQ3LjUiTiAwwrAzNScxMS4wIkU!8m2!3d43.646523!4d0.58639!3m5!1s0x12a982b9e95bba1f:0x5ee1cc508e4107d5!8m2!3d43.646504!4d0.5868049!16s%2Fg%2F1td6jtm5!5m1!1e1?coh=205410&entry=ttu&g_ep=EgoyMDI0MTAwMi4xIKXMDSoASAFQAw%3D%3D",plaquer.voguer.enfance,Auch,32000,3 place du préfet Claude Erignac,Gers,Ville / département,Haut,https://www.gers.fr/,,
